Jon Abbott<ruftytuftyclimber@hotmail.com>
Nicholas Adams<nickadams6425@gmail.com>
Robert Adams<robhughadams@hotmail.com>
Ruth Allan<rka@hwyl.org>
Stuart Alldred<stuartalldred@gmail.com>
Keiran Appadoo<kj6lc@aol.com>
Alice Ball<ball.alice.e@gmail.com>
Fiona Barker<fionabarker@live.co.uk>
Ben Barnett<ben.bec@gmx.com>
Elysia Bartel<elysia.bartel@yahoo.co.uk>
Georgina Bartlett<g.bartlett89@gmail.com>
Christopher Batstone<c_batstone@btinternet.com>
Jake Baynes<jake.baynes1@gmail.com>
Edward Beale<eddbeale@googlemail.com>
Chris Belton<chrisbelton82@gmail.com>
Laura Benn<lab15g10@gmail.com>
Hannah Bennett<info@rainbowrebel.com>
Henry Bennett<henry.speleo@gmail.com>
Clive Betts<clivekjbetts@icloud.com>
Peter Bolt<peter.bolt@btinternet.com>
Dany Bradshaw<bradshawdany@gmail.com>
Josh Bratchley<j.b.bratchley@gmail.com>
Greg Brock<greg@gregbrock.co.uk>
Sabrina Brooke<sabrinaxbrooke@gmail.com>
Lydia Brooker<l.j.brooker@hotmail.com>
Rob Burrows<robwburrows@gmail.com>
Alasdair Cavaye<alcavaye1@gmail.com>
Stephen Chitty<stephen.chitty@btinternet.com>
Paul Christie<paul.rc20@outlook.com>
Paul Clement-Walker<paulclementwalker@googlemail.com>
Phil Coles<philcoles48@gmail.com>
David Cooke<dave@david-cooke.me.uk>
Mitchell Cooke<mitchell.cooke@hotmail.co.uk>
Ellen Cooper<cooellenper@gmail.com>
Bob Cork<bobcork57@aol.com>
Matt Cousins<mcousi11@outlook.com>
Pat Cronin<patccronin@gmail.com>
Gary Cullen<gary.cullen@btinternet.com>
Oliver Darroch<olliedarroch@gmail.com>
Henry Dawson<henryboswelldawson@hotmail.com>
Olivia Dawson<ochdawson@gmail.com>
Jo Denning<joanne.hardy@gmail.com>
Mark Denning<mddsparky@yahoo.co.uk>
Mark Ebel<markbenebel@gmail.com>
Luke Edwards<ljedwards786@gmail.com>
Matthew Edwards<eagle.secondd@googlemail.com>
Niklas Ellersiek<niklasellersiek@googlemail.com>
Alice Elliott<aliceelliott2019@gmail.com>
Andrew Evans<evans.andrewjames@gmail.com>
Harry Everitt<hgeveritt@gmail.com>
Paul Fairman<p.fairman@btopenworld.com>
Edward Ford<eddyford94@gmail.com>
Joyce Franklin<franklinpetejoyce@btinternet.com>
Pete Franklin<a.j.franklin@virtuallyvisual.co.uk>
John Freeman<johnfreeman1947@hotmail.co.uk>
Vern Freeman<freemanvern@gmail.com>
Thomas Frost<tomjfrost@gmail.com>
Stuart Gardiner<stuart_lee_gardiner@icloud.com>
Olivia Gentile<olivia-gentile@live.co.uk>
Chris George<chris.george@protonmail.com>
Peter Glanvill<pglanv@aol.com>
Dave Glover<david.glover3@gmail.com>
Simon Goddard<simongoddard4@gmail.com>
Martin Grass<m.grass@btinternet.com>
Nicola Grass<nicky.grass@btinternet.com>
Robin Gray<robin.gray27@yahoo.com>
Anna Green<greenannae@gmail.com>
David Greenwell<dgreenwell0@gmail.com>
Lucy Greenwood<lucydgreenwood@gmail.com>
Ian Gregory<ian.gregory968@gmail.com>
Nick Gymer<gymer.nick@gmail.com>
Rob Harper<rob@robharper.co.uk>
Patrick Hathway<phathway@gmail.com>
Sioned Haughton<sionedh@yahoo.co.uk>
Jon Hauser<jhauser87@gmail.com>
Alex Heath<1alexheath@googlemail.com>
Pete Hellier<pete@petenjan.plus.com>
Josh Henry<joshuahenry1396@gmail.com>
Bob Hill<robert_hill1@me.com>
Scott Hill<hawk.eye.scott.hill@gmail.com>
Patrick Hillier<patrick.f.hillier@gmail.com>
Ben Holstead<bolstead@hotmail.co.uk>
Laura Holstead<lauralam03@hotmail.com>
Christopher Holt<all.mimsy.were.the.borogroves@gmail.com>
Gergely Horvath<horvath.gerichard@gmail.com>
Joanna Hull<hull.joanna@gmail.com>
Louise Hull<louisehull@gmail.com>
Ken James<k.james@jcs-tech.co.uk>
Liz Jeanmaire<jeanmaire@btinternet.com>
Stuart Jelliss<stuartjelliss@blueyonder.co.uk>
Jessica Jennings<jessicajodyjennings@icloud.com>
Chris Jewell<casjcave@yahoo.co.uk>
Brian Johnson<hiddencottage@hotmail.co.uk>
Anusha Kambli<anusha_2017@outlook.com>
Anya Keatley<anyackeatley@gmail.com>
David Keegan<davidkeegan1993@gmail.com>
Alan Kennett<alan.j.kennett@outlook.com>
Phil Kingston<philkingst@gmail.com>
James Knight<jamesknight66@hotmail.co.uk>
Zachary Knott<z.knott@yahoo.com>
Tim Large<telmendip@btinternet.com>
Oliver Legg<oliver.legg@me.com>
Paul Lever<pjlever@gmail.com>
Stuart Lindsay<g0.kds@virgin.net>
Faye Litherland<faye.litherland@blueskyeng.co.uk>
Hollie London<hollie.l.london.1998@gmail.com>
Andy MacGregor<andy.macgregor@btinternet.com>
Jake Malley<rebukes_volts0r@icloud.com>
Geoff Marchant<geoffmarchant4@gmail.com>
Andrew McLeod<andrewclimbing@gmail.com>
Stuart McManus<stuart@plummersfarm.co.uk>
Tholakari Medida<medida.tholakari@gmail.com>
Eoin Mekie<ocdg@yahoo.com>
Dave Metcalfe<davemetcalfed48@hotmail.com>
Adrian Miles<adrian.miles2685@gmail.com>
Thomas Millard<t.millard2@gmail.com>
Rebecca Miller<rebecca.denise.miller@gmail.com>
Andrew Mitchell<andrewjaemin@gmail.com>
Dickon Morris<dickonahmorris@hotmail.co.uk>
Ali Mortazavi<alimortazavi85@googlemail.com>
Alex Mumford<alexmumford91@gmail.com>
Daniel Nash<dj.nash@outlook.com>
Isaac Neale<isaacneale2001@outlook.com>
Teddy Ng<teddyng@outlook.com>
Bob O'Malley White<robertomalleywhite@gmail.com>
Tom O'Neill<oneilltom98@gmail.com>
Matt Palmer<mattjpalmer@btinternet.com>
Michael Palmer<michael.palmer40@gmail.com>
Sabina Patel<beaniepetal@gmail.com>
Sarah Payne<lubbielu8@hotmail.com>
Lorna Powell<lorna.powell@ymail.com>
Babs Price<babswilliams100@gmail.com>
Jeff Price<babswilliams@blueyonder.co.uk>
George Randall<g.l.randall@talk21.com>
Sam Richards<samrichards4@gmail.com>
Ioan Roberts<ioan58044390@gmail.com>
Lillian Romford<lillianromford@gmail.com>
Phil Rowsell<pj.rowsell@virgin.net>
Carol Sandall<c.sandall130@btinternet.com>
Estelle Sandford<estellesandford@gmail.com>
Fiona Sandford<fionadsandford@yahoo.co.uk>
Bryan Scott<bryan.scott@tiscali.co.uk>
Elizabeth Scuffell<elizabethscuffell@gmail.com>
Julian Setterington<julian.setterington@gmail.com>
Roz Simmonds<vinroro@aol.com>
Chris Smart<chris_smart@talktalk.net>
James Smart<necyjames328@gmail.com>
Rich Smith<rls@hwyl.org>
Rich Sore<richardsore@hotmail.com>
Wayne Starsmore<wayne@cuckoocleeves.uk>
Benedict Stevens<benedictcs@live.co.uk>
Derek Targett<derektargett@gmail.com>
Robert Thomas<robthomasdive@gmail.com>
Daphne Towler<zebradaphne@hotmail.com>
Laura Trowbridge<laura_trowbridge@yahoo.co.uk>
Mandy Voysey<mandola76@gmail.com>
Matt Voysey<shanks@callnetuk.com>
Charlie Wakeham<cpw105@gmail.com>
Frances Warren<fran.c.a.warren@gmail.com>
Michael Waterworth<glastohacks@gmail.com>
Jake Watson<jakewato@hotmail.co.uk>
David Webb<david@dmwebb.co.uk>
Simon Wedgwood<swedgwood27@gmail.com>
Carole White<chaletarc@aol.com>
Ralph Whittaker<ralphycc@gmail.com>
Edmund Willatts<ewillatts@googlemail.com>
Mike Wilson<mhwilco@googlemail.com>
Nicholas Winter<nickwinter9@gmail.com>
Steve Woolven<steve.woolven@btinternet.com>
